{
  "n_eigenvalues": 1536,
  "n_spacings": 1535,
  "ks_distance": 0.19992265916183405,
  "ks_p_value": 4.745751553875893e-54,
  "mean_spacing": 0.9999999999999979,
  "spacing_variance": 3.0249742657380696,
  "level_repulsion_beta": 1.7628966955800407
}